ug,gr,ri,iz
1.598755,0.795372,0.3611612,0.2092161
1.727306,0.8689537,0.3794346,0.2406368
1.609892,0.5730553,0.3004017,0.260294
1.55473,0.5282822,0.2236719,0.1090422
2.134941,0.8643436,0.3706989,0.162816
2.262154,1.024962,0.4147005,0.2639065
2.09026,0.8667221,0.4791975,0.4634895
1.689905,0.7942657,0.3395004,0.2252617
1.503305,0.7154312,0.3411102,0.205307
2.862188,-3.261582,0.2232513,1.206025
1.776411,0.826786,0.3278389,0.203228
0.6728954,1.342142,4.487926,0.2735672
1.40292,0.5289707,0.2245693,0.09031868
1.751312,0.7758884,0.3111115,0.1675396
1.974993,0.7065773,0.4088535,0.3424654
1.614697,0.594388,0.2483854,0.176321
1.915337,0.7226906,0.3947315,0.372695
1.606842,0.7756481,0.334466,0.2079992
1.579756,0.7949142,0.365799,0.245121
1.620932,0.6943665,0.3333054,0.246377
1.547926,0.6876755,0.2850227,0.2030468
1.453331,0.6024065,0.2181911,0.1288242
1.795395,0.4046431,-2.093871,1.880256
2.298792,1.026577,0.5668716,0.4991064
2.558865,1.435762,0.7205887,0.4261618
4.804815,1.842112,0.8899698,0.7116203
1.833474,0.6389055,-1.554276,1.285266
1.509741,0.223362,0.06040668,0.04912567
2.07321,0.9919395,0.388896,0.2232695
1.402252,0.6713696,0.2259846,0.2825165
2.105852,0.9194736,0.3698387,0.3358889
2.988802,1.353372,-1.1063,2.066811
2.1015,1.055146,0.4698763,0.3390226
1.863602,0.7727137,0.3087721,0.1815481
2.682043,1.243776,0.4623661,0.3229084
2.893942,2.545724,1.316533,0.9784546
1.403549,0.54212,0.2219849,0.1217356
1.617023,0.8148479,0.4398355,0.3892803
1.637003,0.8156319,0.365633,0.2421093
2.260191,1.047382,0.417635,0.2729225
1.918602,0.8533497,0.3477879,0.2010956
1.536144,0.3978491,0.1663628,0.09864235
1.94384,0.7596703,0.4194374,0.349267
1.48246,0.6719189,0.2737246,0.1564922
1.531275,0.686203,0.2925501,0.1614466
1.498667,0.5342035,0.2055941,0.1137304
1.759777,0.8394794,0.3640518,0.2371311
1.396508,0.5491638,0.1649647,0.1104727
1.901987,0.5886602,0.2839823,0.2227421
2.244061,0.9457607,0.5017567,0.4033384
1.559984,0.9069023,0.124671,-0.4659014
1.600857,0.4134588,0.143631,0.1275873
1.535907,0.6031494,0.253809,0.1758347
1.779836,0.7300892,0.2627401,0.1573019
1.619843,0.7646046,0.3085747,0.2328072
2.566418,1.168827,0.4750404,0.3051672
1.847269,0.8810368,0.3762417,0.2399254
2.391706,1.135704,0.4298019,0.3034325
1.557701,0.6800919,0.2641144,0.1333437
2.116785,0.797102,0.3934584,0.3876677
1.858744,0.7329931,0.3323975,0.2446461
2.05847,0.8293896,0.4260769,0.3816729
1.593311,0.6186237,0.262682,0.162549
1.338346,0.6396389,0.2807903,0.1630306
2.335406,1.103508,0.05960464,0.74125
2.01095,0.8598118,0.3660831,0.1906242
1.551123,0.7492886,0.3491211,0.1700821
1.707697,0.7695007,0.333025,0.1583805
2.119026,0.8011017,0.4450722,0.4276028
1.541939,0.6854639,0.2866888,0.1704254
3.621317,1.638333,0.5625954,-0.4598026
1.540315,0.6564312,0.2730064,0.1929846
1.76464,0.4544706,0.1825695,0.1665258
1.494378,3.947525,-2.441946,3.590502
2.010207,0.8052645,-1.247625,2.009505
2.038555,1.179518,0.6053267,0.426672
1.763063,0.7729416,0.358551,0.1221142
1.452623,0.650507,0.2808762,0.1542892
1.760782,0.7931042,0.344347,0.2376461
1.382983,0.1474667,0.04416084,0.04969215
2.394751,1.078781,0.4141235,0.2919264
2.603436,1.148463,0.4198914,0.2392359
1.558441,0.776783,0.3418322,0.1878796
1.972672,1.02075,0.5299511,0.4923563
1.546011,0.7230244,0.2911682,0.2041912
3.074386,0.5443573,0.2665567,-2.716008
2.770473,0.5092649,-0.4211454,2.168165
2.68309,1.337591,0.6012907,0.4905949
3.208128,1.92406,-1.834055,3.512172
1.863899,0.9684849,0.4412003,0.2848892
2.128223,1.306713,0.6762581,0.5232821
3.201256,1.755442,0.8531351,0.634922
1.429585,0.6907539,0.2867842,0.1496906
2.124264,1.215408,0.6125698,0.4233665
1.8837,2.97001,-3.929144,1.965839
1.232603,0.1711006,0.0372982,0.03433323
1.457598,0.6885586,0.2864265,0.1715603
1.57529,0.7026558,0.2806053,0.1471348
1.027129,-0.5178213,0.136446,1.408796
0.4123383,-0.4945755,0.9642801,0.7491827
1.529997,0.6532021,0.3111916,0.1590719
1.978312,0.8395405,0.4733734,0.4384012
1.560989,0.7516022,0.3094625,0.1681194
2.569948,1.337447,0.5467882,0.3588428
1.816349,0.9058857,0.3906937,0.307579
1.606028,0.7283697,0.2811918,0.1923571
2.707771,1.801824,0.9362421,0.6297264
0.1113243,0.03464031,0.3226767,1.103347
2.089158,1.020818,0.4426851,0.2839832
-0.4586906,0.3123817,1.272811,0.1738844
2.14204,1.008192,0.5348549,0.4198895
2.700869,0.6345873,0.2397299,2.596597
1.693323,0.7863178,0.3203583,0.2038002
2.163532,0.9076538,0.4954681,0.4243536
2.870991,1.68103,0.8263121,0.6515989
1.514866,0.6314526,0.2895432,0.1636333
1.68318,0.8277254,0.3442354,0.2159166
1.711597,0.757185,-1.132975,1.821233
1.410755,-0.7387457,1.60998,0.1579847
2.510771,1.23497,0.4715099,0.2782097
1.612264,0.2969151,0.09716988,0.06926441
1.543674,0.7126751,0.3337746,0.2075424
1.888828,0.8331814,0.4834328,0.3436737
1.72094,0.8352394,0.404561,0.256032
1.892296,0.5766478,0.2700405,0.2067547
1.718298,0.7582312,0.2892218,0.1876602
1.86273,0.6888103,0.3605785,0.4201622
1.63224,0.7308998,0.3253574,0.2039871
2.035437,0.7605648,0.378746,0.4187031
2.4513,1.158968,0.5070705,0.2753162
1.397903,0.4765692,0.09648991,0.1209354
1.481634,0.6471748,0.3277607,0.1493454
1.259315,0.07048893,-0.6750574,1.745069
1.6698,0.7567682,0.2604465,0.1185799
1.532583,0.6555862,0.2848492,0.1895428
2.375265,1.20373,0.5220776,0.3826532
2.119923,0.9779854,0.3997097,0.249073
1.60135,0.6073399,0.2662344,0.1446514
1.469618,0.6750889,0.3024654,0.2003441
1.203839,1.059914,0.09747028,-0.3102627
1.786835,0.8061876,0.3116312,0.1748343
1.773897,0.7798109,0.4149656,0.3543081
1.886501,0.9122486,0.4008961,0.2864933
1.64847,0.5737953,0.3539381,0.2287741
1.96401,0.8103313,0.4448566,0.3781414
1.631655,0.7588425,0.3324337,0.1868935
1.451942,0.5791817,0.2357578,0.1567745
2.08136,1.120733,0.5947018,0.3960285
1.469615,0.6794348,0.2971849,0.1610556
1.945669,0.8868275,0.392458,0.2403431
1.117419,1.728017,0.8252621,2.380135
3.033016,0.322423,-0.7641335,2.874884
2.496555,1.202996,0.5106554,0.3418322
5.266024,0.7538567,0.3447781,0.1105118
2.016497,0.7976713,0.4355192,0.3161955
1.973679,0.6784267,0.3828392,0.3083935
1.595581,0.7645035,0.3810768,0.3268499
1.507226,0.6654921,0.2605314,0.1587372
1.896606,0.7320309,0.387949,0.321125
1.834179,0.8997841,0.3695679,0.2422657
1.935581,0.7427063,0.4010391,0.3667355
1.635063,0.695035,0.298296,0.153224
1.505829,0.6683598,0.3076019,0.1370144
3.380438,2.523181,-1.670899,4.033884
1.753967,0.8251486,0.3549566,0.2412682
1.903452,0.8677292,0.4481182,0.3251362
2.079426,1.060081,0.6032476,0.4511251
1.543512,0.7891502,0.3224354,0.2160997
1.051105,-0.3622608,-0.1475782,1.709163
1.791065,0.8662682,0.3849659,0.2088108
2.004353,0.7346573,0.3832607,0.3329239
1.497593,0.6609087,0.2349024,0.1477318
1.614861,0.4534731,0.2117729,0.1367817
1.868687,0.7512741,0.3855715,0.3590441
2.097376,0.8264465,0.4565659,0.3900127
2.174444,1.019026,0.4088669,0.2545938
1.502564,0.2829142,0.07689285,0.04206085
1.401011,0.6307983,0.2707672,0.1478443
1.947418,0.6799297,0.3542919,0.3517189
2.008821,0.8313465,0.4548054,0.3478565
1.973585,0.6858959,0.36127,0.3486032
1.886177,0.9400578,0.4114208,0.268959
1.821276,0.8891258,0.5091686,0.4568558
1.795612,0.8659401,0.3556652,0.2437038
1.491739,0.6669044,0.3012266,0.1943874
3.05234,1.720799,0.8761997,0.6662245
2.083733,0.967701,0.4108658,0.3382778
1.67491,0.8518391,0.3717461,0.2463284
1.753727,0.7846928,0.3030357,0.2055511
2.117411,1.010099,0.4164743,0.3001022
1.584831,0.7686138,0.3134661,0.1869736
1.514565,0.5528488,0.2475882,0.1281891
2.20978,0.820612,0.4872265,0.3598938
1.6408,0.7192764,0.3058147,0.1516113
1.50705,0.6923676,0.3083115,0.124218
1.518269,0.6910706,0.3878202,0.3527803
1.473145,0.6033497,0.2183666,0.126915
1.948475,0.9497719,0.4120979,0.2908926
1.494768,0.6443005,0.2708035,0.1514292
1.897291,0.8359032,0.3403912,0.2157745
1.958027,0.6816101,0.4148579,0.3382263
1.630966,0.7716694,0.3375053,0.1359482
1.969398,0.8610668,0.377285,0.1920528
1.421703,0.6010427,0.2685604,0.1536617
1.367634,0.4821959,0.2300177,0.1036978
1.612158,0.7634277,0.2951393,0.2081432
1.784838,0.8158112,0.3476009,0.2241058
2.462646,1.209408,0.5090542,0.3612261
2.243622,1.031324,0.4467373,0.2928047
1.718107,0.828639,0.3046398,0.01286316
1.403111,0.5672503,0.2297106,0.1713572
1.811764,0.884306,0.3509903,0.2248764
1.174221,0.5504007,0.29041,0.2493992
1.670454,0.8204002,0.3978558,0.2623568
1.549498,0.7298622,0.3121367,0.1564808
2.372978,1.336346,0.5211859,0.3460579
1.653706,0.7940426,0.3336525,0.2097101
1.821402,0.6813087,0.2982388,0.307188
1.471826,0.5520163,0.204957,0.1264782
1.934237,0.7196159,0.4037018,0.3634014
1.434399,0.6329746,0.2712212,0.1769581
1.960392,0.8326368,-3.023966,1.74971
1.588383,0.6230831,0.2981491,0.3040524
1.374464,0.6074619,0.2801094,0.1479254
1.809162,0.7660961,0.294199,0.1706505
1.79598,0.9358654,0.3965425,0.2772808
1.537329,0.6568241,0.3128738,0.2112808
1.363921,0.5685987,0.2054272,0.1461859
1.661477,0.635581,0.311965,0.3258295
2.087641,0.7669697,0.3983269,0.3736191
3.117298,2.072872,0.9912634,0.7388601
1.562365,0.887682,0.3037262,0.2210751
1.046597,-0.4224701,-1.011443,2.055509
1.474403,0.6582088,0.3026543,0.1504669
1.623112,0.7614803,0.309927,0.1868067
4.932076,1.287336,0.5069542,0.3114042
2.015415,0.3043127,-0.5754642,1.937639
1.942156,0.8293591,0.3317242,0.15341
3.023693,1.578241,0.6902018,0.3727655
2.016335,0.928297,0.4027042,0.2456074
1.499371,0.6701908,0.311451,0.1724997
1.511823,0.4121923,0.1739931,0.08097649
2.77914,0.5453806,-0.1326256,1.960374
4.272993,2.22681,1.113015,0.8332052
1.620918,0.8603802,0.4575996,0.4248514
1.566381,0.290184,0.07895756,0.09215736
0.8143139,1.172701,0.1652842,0.09289932
1.571986,0.8502645,0.3542786,0.2051992
1.448671,0.5131731,0.1955166,0.13309
1.811244,0.6957283,0.3129902,0.201952
1.601879,0.7515497,0.3040295,0.2171412
3.891382,1.528847,0.7843742,0.5894203
1.610027,0.8200092,0.3749733,0.2281723
1.682909,0.8108788,0.3490715,0.3039436
1.569818,0.7287865,0.3226509,0.2251816
1.541658,0.5930967,0.277236,0.1625786
1.498798,0.6845655,0.2957754,0.1664324
0.4715719,0.6002893,3.480588,-2.039505
1.606581,0.7324123,0.3170567,0.2010155
1.922863,0.734498,0.3733072,0.3523302
1.990242,0.8080902,0.4243526,0.3556786
1.832422,0.8827667,0.3622494,0.2253647
1.491516,0.6680183,0.299614,0.1839733
1.828115,0.7330971,0.4207563,0.3260536
2.051422,0.7497177,0.4143028,0.3490925
1.132277,5.077262,-1.791195,2.512982
1.691401,0.9308853,0.4413128,0.2609415
1.597065,0.5145769,0.2168465,0.1591625
2.868196,1.581038,0.7733583,0.5902853
2.016329,0.8899899,0.3105679,0.2373867
1.639952,0.8324051,0.3815708,0.2651672
2.71136,1.548399,0.2458076,1.079062
1.525013,0.4760714,0.2268848,0.1267958
1.636893,0.3268623,0.1420832,0.1072683
1.599581,0.7659302,0.322052,0.1790047
1.553356,0.3248367,0.229825,2.578173
1.45117,0.6051683,0.2671442,0.1717863
1.421087,0.6069298,0.2523613,0.149415
1.634192,0.7721252,0.317914,0.1755257
2.133705,0.8861542,0.4682827,0.4031057
1.80094,0.8577185,0.3597593,0.2243519
1.543596,0.7308311,0.3071632,0.2168884
1.835661,0.9687328,0.384882,0.3125687
1.680347,0.8097525,0.3483839,0.2263412
1.685255,0.7080173,0.3143435,0.1994333
2.122215,1.005882,0.3859062,0.299509
1.411435,0.5030499,0.1944494,0.1343842
1.766712,0.8244619,0.359375,0.2306004
3.094774,1.527774,0.6711435,0.4946985
2.149132,1.164812,0.5176296,0.3564272
1.751414,0.7746859,0.2938461,0.1711712
1.250319,0.6004133,-0.9983177,1.563617
2.623484,0.7473965,0.3274155,0.1060534
1.529621,0.6637268,0.2756596,0.1636095
2.819204,1.642298,0.8153877,0.6300173
1.938917,0.8637409,0.377327,0.2140532
7.777021,0.6807861,0.4049749,0.2986441
2.059252,1.114563,0.6032448,0.444932
1.360006,0.708518,-0.5153894,0.05701351
1.801542,0.8078251,0.3320227,0.1660633
1.821459,0.8680449,0.3683634,0.2135906
1.512399,0.1728172,-2.659207,2.981983
1.937189,0.9265614,0.4884377,0.437149
1.915035,0.9303169,0.4419861,0.4474344
1.987801,0.9744167,0.5531626,0.4589729
1.863432,0.7358971,0.3942413,0.2712021
1.495578,0.5903587,0.2606039,0.1774626
1.886803,0.8937454,0.3319731,0.3020144
1.720108,0.7826443,0.3643665,0.2457085
1.98204,0.9406471,0.3735294,0.2510376
2.331718,1.068371,0.5730047,0.4619751
2.11698,1.126736,0.6650181,0.5612717
2.306339,1.007559,0.3823252,0.2376728
1.807373,0.4267111,0.1712036,0.1161118
1.711855,0.7966194,0.3439732,0.1745663
2.074137,0.7991028,0.3938026,0.3345318
3.041382,1.786846,0.9181299,0.6613379
1.026919,-0.2921638,0.1493702,0.9797583
1.308788,0.07920742,-0.01419926,-0.009951591
1.575586,0.6981602,0.0843811,0.3580275
1.697161,0.740572,0.2995071,0.1394367
1.414467,-1.296237,-0.1503468,2.009099
1.686703,0.705183,0.285429,0.1568756
1.574858,0.6981258,0.2930555,0.1993876
1.80559,0.9062614,0.3661652,0.2655754
2.481781,1.200486,0.5348215,0.3691511
1.724577,0.9168758,0.4208946,0.2151451
1.381123,0.5360117,0.2041245,0.1385517
1.790562,0.8533478,0.3316822,0.2352238
1.448032,0.6184826,0.2825661,0.1478271
1.574318,0.8371525,0.3635855,0.2314024
2.379015,1.127623,0.4255753,0.2828465
1.912903,0.8476534,0.4826479,0.246973
1.743073,0.8382034,0.3764114,0.2274895
1.580299,0.6890545,0.3039169,0.1807013
1.406916,0.7943039,0.4304085,0.3461885
1.675076,0.686903,0.2828655,0.228714
1.518803,0.5159826,-0.6890173,1.024197
1.598483,0.6619415,0.2682581,0.1488752
1.297049,0.5903091,0.3446903,0.2243681
1.558466,0.5686874,0.2952576,0.2824717
2.821329,1.572445,0.8052607,0.5119953
1.659937,0.7858582,0.3489647,0.2111111
2.444391,1.127098,0.4359837,0.2987661
2.886671,1.875655,0.977623,0.753727
1.972141,1.058989,0.4770145,0.3384514
1.530128,0.8218164,0.3704176,0.2167521
1.809958,0.9334564,0.4306602,0.269968
1.855846,0.8888779,0.4032211,0.2769661
1.472111,0.7763977,0.3636208,0.2324972
2.13953,0.9610481,0.5030785,0.3979874
2.481452,0.7885981,-0.5342932,2.627264
1.637899,0.8001041,0.3498955,0.2056122
1.936419,1.005857,0.451786,0.312314
1.479216,0.6699924,0.2920341,0.1697922
1.536053,0.6984606,0.3131237,0.1360235
1.438305,0.6531944,0.2892103,0.1691856
1.633369,0.7464581,0.3300724,0.2154217
0.06317711,0.3789177,0.4896002,0.8542671
1.525871,0.7877369,0.3325901,0.2464085
2.059587,0.9097691,0.4951725,0.492445
1.994291,0.7539034,0.3916874,0.3479681
2.02779,0.9615498,0.411253,0.2626867
1.978563,0.2461634,-1.553142,1.013556
2.722366,0.9035959,0.4030848,0.07618809
1.647488,0.8045845,0.4357758,0.3236351
1.630681,0.4887304,0.2266636,0.1316748
1.9746,0.7019711,0.3684063,0.2700415
2.627369,1.244038,0.5465746,0.3660002
3.584402,0.9045963,0.3498573,0.2038326
1.8297,0.6099358,0.3689709,0.2914791
5.730572,1.148658,-0.6306362,0.9832687
1.723316,0.8015079,0.2435455,0.1884909
1.937687,0.7481079,0.3853588,0.3659105
1.48176,0.6728716,0.2714796,0.1379156
1.469917,0.6430035,0.2627678,0.1529388
1.52857,0.6664391,0.2840824,0.1557503
1.919916,0.8092766,0.3960876,0.2420406
1.675714,0.7706585,0.3481922,0.2618446
1.782482,0.8782997,0.3749352,0.2682905
2.203818,1.089968,0.4987392,0.2952881
1.697273,0.8600426,0.3818407,0.2491093
2.233547,1.000933,0.5251942,0.4622011
1.571785,0.7206841,0.2916298,0.1962643
2.635578,0.08502674,-0.04617214,-1.424733
2.052641,0.9910259,0.5492516,0.5193357
1.790363,0.872097,0.4645805,0.3712187
1.606134,0.7841682,0.3314066,0.1960974
1.831432,0.8742199,0.3599672,0.2075176
1.621655,0.2433605,0.06386375,0.04098415
1.676542,0.7203045,0.376318,0.3217983
1.485998,0.694746,0.2542953,0.4485092
2.01535,0.7789555,0.4010277,0.3705912
1.578975,0.6376057,0.2424488,0.1023197
2.750538,1.456251,0.9199553,0.6604614
1.649237,0.7731171,0.2328625,0.2630844
2.938967,1.736768,0.9149132,0.6670675
1.988334,0.7101984,0.3717117,0.3303719
2.442659,1.098035,0.4057875,0.2232571
2.684172,1.541901,0.6891174,0.3970737
1.726513,0.7891655,0.3592072,0.2170296
1.52223,0.7274094,0.3288689,0.2080746
2.442071,-0.3463278,0.04009533,2.270737
1.59845,0.6984129,0.2892561,0.166008
2.242189,0.9203625,0.3842697,0.3084679
2.249945,1.114553,0.4693871,0.2632313
1.615831,0.7540283,0.3260508,0.2320013
1.477009,0.6759748,0.3269682,0.1293373
2.251312,1.040476,0.4397383,0.2554979
1.520878,0.7774506,0.35532,0.2074528
1.581207,0.8307323,0.3461876,0.2312889
1.635317,0.3248768,0.09635353,0.05652046
2.168926,0.9742413,0.3916855,0.2207317
2.049757,0.6651268,0.3421097,0.2828484
3.132477,1.818684,0.8807411,0.6778421
1.496593,0.4770346,0.1887131,0.1190252
1.568233,0.7319088,0.2845516,0.1799831
1.521627,0.5268183,0.2213154,0.1243782
1.513058,0.674818,0.2968578,0.1887293
-0.6166182,0.1582832,-0.1047239,1.221387
2.069085,0.01098442,-0.05041313,1.762589
1.407579,0.6707106,0.3662024,0.2916536
1.511932,0.7204819,0.3014221,0.2588863
1.939638,0.9452286,0.3875189,0.2696028
1.653915,0.838027,0.3646774,0.2560825
1.453104,0.6743746,0.2864962,0.1053648
1.924921,0.789854,0.3894463,0.301528
0.116127,-0.3023453,-0.06923485,1.638584
2.3342,1.134357,0.4932747,0.3116846
1.739037,0.8488979,0.3636913,0.2625284
1.969587,1.104435,0.5058708,0.3519411
1.553073,0.2684174,0.09662819,0.09953976
1.506848,0.4562292,0.1833067,0.1302195
2.833548,1.548189,0.7552309,0.5672503
1.696167,0.8002911,0.3276348,0.2044144
1.882877,0.8907242,0.3773365,0.2354946
1.681467,0.638073,0.324996,0.2847338
1.49555,0.452857,0.1838169,0.08823013
1.643579,0.7955685,0.3260994,0.2114506
2.189409,1.020589,0.4377556,0.292388
1.402535,0.6099005,0.2488432,0.1437864
1.780838,0.7151623,0.2435493,0.09783268
1.525927,0.7580853,0.3312683,0.1947269
2.125935,0.9298859,0.3476543,0.2229719
2.100492,-0.1217127,-0.2575302,2.376067
1.396969,0.5304089,0.1971121,0.1127644
2.343903,1.010254,0.3878765,0.1940441
1.238412,0.5989866,0.3344746,0.2818546
2.84173,1.543205,0.704814,0.44487
1.528399,0.7625694,0.3239784,0.2387772
1.523113,0.7621078,0.3257275,0.1588211
1.73307,0.845746,0.3676586,0.2297144
2.034576,0.9888973,0.4159431,0.2856827
1.694155,0.824028,0.3801117,0.2562199
1.530453,0.823679,0.3744507,0.2485352
1.556738,0.7839756,0.354023,0.215168
1.770485,0.7733326,0.413866,0.1430511
1.464857,0.689127,0.3244781,0.1528816
1.686857,0.6107407,-0.02316666,0.6905012
1.713751,0.6863651,0.3742962,0.3340359
1.966284,0.9658871,0.5143661,0.400116
1.694016,0.7819471,0.3183594,0.2018147
1.512656,0.5527773,0.2763929,0.2448978
1.569738,0.7401104,0.3082151,0.179534
1.604921,0.6870737,0.282795,0.2069321
1.563927,0.7472019,0.313221,0.242733
1.700201,0.7808886,0.3392372,0.2141676
1.387613,0.6404486,0.256217,0.1694317
2.02047,0.9968014,0.4215012,0.2727757
1.621798,0.5778275,0.300602,0.2814074
1.807072,0.8353834,0.4620724,0.392931
1.495472,0.1074533,-0.9844379,1.853906
1.629301,0.5545464,0.2360239,0.1406431
1.478256,0.6438904,0.2694349,0.15944
3.310587,1.95569,0.9815159,0.7293434
1.859663,0.769043,0.3999672,0.2741318
1.652739,0.8052731,0.3324184,0.2204151
2.049006,0.8988495,0.3416023,0.2158203
1.698252,0.7948818,0.4015408,0.2395649
2.170244,0.9461269,0.5467224,0.4744616
1.543299,0.6938019,0.3220272,0.1792755
3.664921,1.936068,-2.850242,4.287559
1.543121,0.06771755,-0.673665,1.827855
1.636093,0.8043442,0.3299274,0.2260342
1.418867,0.6408825,0.2583532,0.1736526
1.717056,0.4564075,0.1672688,0.1744013
1.617393,0.8171597,0.3599224,0.2635803
1.924408,0.8111715,0.298871,0.1685753
1.484492,0.6103849,0.2665195,0.1603899
1.831564,0.8531189,0.3789063,0.2342987
1.599324,0.4751472,0.188674,0.110795
2.051411,0.8104057,0.4537554,0.3866739
1.334913,0.6453819,0.2403202,0.1725006
0.9769678,0.5819702,-1.145123,1.711968
2.147329,0.9702692,0.4031391,0.3549175
1.420893,0.564805,0.2238636,0.1327524
1.978956,0.9262714,0.3569803,0.2311859
1.768652,0.7121868,0.3766842,0.3288116
1.681974,0.7571611,0.3078756,0.1961966
1.507298,0.500246,0.2004042,0.1275663
1.882799,0.90205,0.3688965,0.2978077
1.59861,0.7347851,0.3166046,0.2087355
1.650471,0.754797,0.3788633,0.3688221
1.782473,0.8755722,0.4742994,0.3865376
1.897871,0.9170914,0.3911552,0.2858353
1.688406,0.788147,0.3597488,0.2442513
1.678259,0.8214369,0.3638039,0.1955862
1.292872,0.5365944,0.2554045,0.2020397
1.66928,0.318841,0.1101837,0.09179211
1.474355,0.5879583,0.3080082,0.3049459
1.542707,0.7220764,0.3007879,0.1623869
1.942522,0.9469051,0.5266972,0.4783163
1.735523,0.6964569,0.246212,0.1351013
1.739559,0.7935982,0.3371162,0.223238
1.585567,0.7681255,0.3533401,0.1886768
1.634947,0.3202782,0.1281242,0.06031513
1.763126,0.8732376,0.388216,0.2610855
1.710381,0.8844242,0.4126129,0.2703896
1.71172,0.573822,0.2606258,0.3136044
1.546894,0.6373558,0.297718,0.1789379
2.207417,1.047438,0.4308882,0.2928724
-0.1531963,0.1733789,0.1408234,1.590576
1.507721,0.6657085,0.2946358,0.1648922
1.455206,0.5750122,0.2540321,0.1414347
6.220502,0.4373446,1.699376,-0.683176
1.681171,-0.2328072,0.09215832,0.9391356
1.573732,0.6866493,0.3108912,0.1466208
1.739012,0.8016949,0.351799,0.2054749
1.657812,0.7648048,0.3156471,0.1949635
2.457548,1.064939,0.3417692,0.2694283
1.46042,0.6112452,0.2428226,0.128624
1.749699,0.7945557,0.362711,0.2083025
3.302443,1.979869,1.048691,0.7756996
1.909817,0.8111343,0.4584789,0.3795357
2.00399,0.9458828,0.3677025,0.2302408
1.55467,0.6311913,0.2400904,0.130846
3.563257,1.096853,0.5177631,0.5039673
1.455326,0.6397133,0.3309975,0.1022539
1.616501,0.6956501,0.3160515,0.1876535
1.132286,0.4257746,0.2148571,0.2168627
1.473918,-0.4132366,-0.3218689,1.869302
1.807819,0.6675959,0.3045626,0.2248917
1.533804,0.6766739,0.3124542,0.2236347
1.533131,0.7050629,0.3009739,0.2131481
1.335673,0.5630722,0.180665,0.09172153
1.586739,0.6832142,0.3005238,0.1853333
1.16931,-0.3687372,0.0900898,1.749043
1.912958,0.9060841,0.377903,0.2433424
1.5679,0.7367325,0.3128166,0.2318535
2.722099,1.594109,0.8246508,0.6558065
1.586723,0.7239208,0.2942963,0.1692734
1.448285,0.6343765,0.2389736,0.101387
1.769268,0.7549496,0.4031868,0.2521
2.602457,2.234325,-1.07607,1.294978
1.424461,0.702116,0.401495,0.1423683
1.718505,0.7242022,0.2818556,0.1266546
2.022367,0.7932339,0.4488564,0.3961611
2.155703,0.9315815,0.5168247,0.4585629
2.541594,1.219388,0.4875097,0.3744125
1.80297,0.6358624,0.2770452,0.2166471
1.23315,0.4463692,1.347443,0.3537931
2.010345,0.8685856,0.3305702,0.2212906
1.894062,0.6729374,0.348568,0.3136387
2.076105,0.9722309,0.434927,0.2830086
2.987762,1.624985,0.819931,0.6279669
1.282728,-0.2717371,0.4967375,0.4532204
2.054169,0.7123833,0.3846474,0.3409843
2.237368,0.9069767,0.4988956,0.4491615
1.641815,0.4631987,0.1829796,0.1052074
1.461167,0.6024923,0.2318106,0.1529741
2.931501,1.85726,0.5191841,1.177189
2.956564,2.122616,1.196261,0.8902922
1.451171,0.5771952,0.2159491,0.1704178
1.857397,0.8272343,0.3089056,0.2183142
1.761606,0.8196297,0.3581772,0.2434673
1.592485,0.671402,0.2918396,0.1459723
1.949957,0.781208,0.4322948,0.1379452
1.455496,0.5682392,0.2588692,0.07452583
1.407799,-0.3184013,-0.8489838,1.855412
1.684963,0.3820229,0.1717558,0.1439238
1.47051,0.6065626,0.2747936,0.1242199
1.849457,0.8893833,0.3705978,0.2463284
1.852024,0.8492603,0.3514996,0.2233467
1.75672,0.7873859,0.3607388,0.1917591
2.182688,0.939456,0.3391027,0.2209406
1.853854,0.6532259,0.3439312,0.3157969
2.815329,1.594778,0.7852297,0.6060829
1.515155,0.5987692,0.2569304,0.09770584
3.296873,1.880511,0.9056997,0.6747217
1.5114,0.2402143,0.3561945,3.824456
1.37883,0.5438566,0.2152433,0.09178829
2.510281,0.06209373,-0.2458229,0.8598366
1.68104,0.7796593,0.3175755,0.218565
1.543877,0.717701,0.3040066,0.1329231
1.324976,0.9436646,0.3048191,0.1848698
1.128672,0.4455833,0.6678076,0.06454563
1.609514,0.6976109,0.2507954,0.1761208
1.506332,0.6490297,0.2703428,0.173461
1.803686,0.9552164,0.4338608,0.3153181
1.688224,0.5263414,0.2465057,0.247262
1.735239,0.8844261,0.4576178,0.1924591
1.529408,0.7010212,0.2875109,0.2085161
1.52779,0.6995468,0.3156433,0.1965714
1.523386,0.680912,0.2963963,0.2003345
1.3141,0.6472206,0.3125992,0.2013798
2.349962,1.152393,0.4703112,0.2979183
1.431604,0.635582,0.2726326,0.1571655
1.542845,-0.1503649,-0.5263586,1.245289
1.221917,0.6992483,0.6020918,1.257221
1.971369,0.8858738,0.3306694,0.1949577
1.472029,0.6494198,0.2979021,0.1696844
1.45677,0.6169529,0.3107529,0.1355782
1.584328,0.5796309,0.2558355,0.1575031
2.02981,0.9281788,0.343771,0.2143927
0.5485687,-0.6107798,0.08063602,1.580889
3.151081,2.166187,1.100468,0.8307018
0.4811058,0.2784653,0.1147919,0.9361134
1.811033,0.6978951,0.3459139,0.2116241
1.628732,0.7860699,0.3447962,0.2176428
1.527878,0.6781349,0.2251329,0.2274075
1.604158,0.7559071,0.3414326,0.233017
2.143173,1.004873,0.4155293,0.2778873
1.923794,1.020899,0.5681515,0.4749498
1.811682,0.9365406,0.393362,0.2559338
1.51779,0.6545315,0.2881012,0.1649284
3.013336,1.610121,0.8077021,0.5867958
2.972555,1.728379,0.8001413,0.5969133
1.960634,0.6760664,0.3524361,0.2919312
1.506306,0.7041245,0.2823334,0.1738091
1.497402,0.6845675,0.1686926,0.0632143
1.82255,0.8255138,0.3307743,0.2089624
1.867765,0.8357277,0.3577919,0.2177849
1.957678,0.7077274,0.3684826,0.2945671
1.415075,0.541193,0.2358179,0.1111288
1.693409,0.8247919,0.3578691,0.2240839
1.629322,0.5703707,0.2455034,0.1845646
1.448438,0.6732225,0.280551,0.1896334
1.699528,1.010225,0.4988098,0.2997646
1.845787,0.9515762,0.4781218,0.2934942
2.614042,1.301299,0.5622292,0.3790569
2.228283,0.9524231,0.5349388,0.4763002
2.318199,1.000095,0.3603888,0.2288399
1.896202,0.8887691,0.3325844,0.2366619
1.805023,0.9277935,0.4345207,0.2683105
2.908814,2.163166,0.7811689,0.2427797
1.454596,0.6123095,0.2303677,0.1039419
1.512461,0.6326904,0.2821321,0.1644125
2.389479,1.169147,0.5071983,0.350625
1.565401,0.4206333,0.1446524,0.07775784
1.638535,0.658987,0.2798405,0.2439995
2.043873,0.8164635,0.4851389,0.3776274
2.453014,-0.1779547,-0.1884537,2.262949
1.615866,0.7814541,0.3307991,0.174118
1.390753,0.9788132,0.3243561,0.2056122
2.426218,-0.2533054,1.276023,1.132668
1.748283,0.7371216,0.3034611,0.1695156
1.538961,0.5567436,0.2939806,0.2784061
1.573013,0.6674538,0.2641945,0.1209717
1.628407,-0.1721468,0.9094296,0.6863022
2.240704,1.051067,0.4426155,0.2733669
1.618607,0.6178217,0.2254305,0.2758512
1.668515,0.6957035,-1.526402,1.993917
2.513292,1.206145,0.4640369,0.2825317
1.918381,0.9291534,0.4181499,0.2913704
1.479202,0.5360184,0.2089586,0.1495228
2.107128,0.9567909,0.3894768,0.2771387
2.009232,1.22962,0.6430988,0.4334841
1.568212,0.5805292,0.244915,0.1188774
1.527018,0.5986996,0.2863855,0.1912937
2.492554,1.510724,0.806571,0.6562004
1.453621,0.6134443,0.3145742,0.1155739
1.80159,0.8420372,0.3374577,0.2234688
2.733551,1.206252,0.477169,0.348341
2.133327,0.9084606,0.3684082,0.2266331
1.843195,0.9063835,0.3567448,0.2476997
2.696728,1.607407,0.8311787,0.6170044
1.778664,0.5073853,0.2397966,0.1468525
3.30357,1.970873,1.022169,0.7779369
2.491796,1.187606,0.4945927,0.3071547
0.775466,0.6873779,0.5176287,1.194694
1.92643,0.7482815,0.4245281,0.3432598
1.442614,0.8149338,0.327013,0.2349339
1.669838,0.8157024,0.3703623,0.2354298
2.110891,0.838501,0.4577827,0.3502932
2.411512,3.064151,-3.051245,1.730311
1.807447,0.831543,0.3114834,0.2225418
2.551503,1.098909,-0.8944159,1.739404
2.634884,1.486595,0.7609854,0.5912771
1.767128,0.9350901,0.4284401,0.2549028
1.439984,0.4881983,0.2129736,0.08942223
1.465368,0.6301231,0.2823954,0.1276875
1.552771,0.696312,0.3142738,0.1416454
1.566252,0.3696985,0.1309795,0.07834435
2.163908,1.004285,0.4439774,0.2715864
1.512468,0.7302322,0.3204231,0.1766472
1.751831,0.5547628,0.2620573,0.1801205
1.543932,0.5955639,0.2680578,0.168746
1.637348,0.7283945,0.3200636,0.1956205
1.77945,0.8251314,0.3337116,0.2343206
3.046245,-0.9686785,0.5769014,-0.4020462
1.657967,0.7795362,0.3373203,0.2384825
1.568991,0.6295424,0.2919168,0.1711016
1.731266,0.8314323,0.3896694,0.2833462
1.575821,0.6188259,0.2679148,0.1797609
